item_id,title
1,Stranger in Paradise
2,Break My Stride
3,Into The Nightlife
4,It's About Time
5,Popular Modern Themes
6,Walk the Walk
7,Auburn and Ivory
8,I Know You
9,Spanish Grease
10,Not For You
11,Dusty Roads
12,Double Feature
13,Seaweed
14,Oh God
15,Fast Car (LP Version)
16,Angie
17,Nashville Parthenon
18,Crossfire
19,Wicker Chair
20,Driving Home For Christmas
21,My Funny Valentine
22,One Last Time
23,Entre Caníbales
24,Banjo
25,You Can
26,It's My Party
27,You Can Still Be Free
28,Let's Get It Started
29,I Never Came
30,Kesäloma on kesällä
31,Metal
32,Dustin Hoffman Becomes Indignant and Wets Himself
33,Folding Stars
34,Inside Job
35,On Bended Knee
36,Kladfvgbung Micshk
37,Me And The Farmer
38,Victor Jara
39,Black & Blue
40,Hips Don't Lie
41,Waiting
42,Gore Apocalypse
43,I Wanna Be Loved By You
44,The Darkest Night of All
45,The Boy With the Thorn in His Side
46,Freesia
47,Bitter Sweet Symphony
48,Mozart
49,Mit dir chilln
50,Sunset Road
51,Like A Cloud
52,Pills
53,The Frail
54,Greece 2000
55,Stop Coming to My House
56,Star Surfer
57,What's Happening Brother
58,Wig
59,Guess Who's Coming To Dinner
60,100 Ways
61,Forever
62,Fences
63,Hold On to the Nights
64,Wildflower
65,Ole Buttermilk Sky
66,U Killed It
67,Tao and Zen
68,Ještě mi scházíš
69,Spaceman
70,When I Fall In Love
71,5 Years
72,I Need You Now
73,Metallic Rain
74,Kick Out The Jams
75,Illuminate
76,Beachball
77,Doricamente
78,Jackson
79,Not Now
80,Jamaica Mistaica
81,La Bamba
82,English Summer Rain
83,No Aloha
84,Happy
85,Rock Around The Clock
86,Desafinado
87,On and On
88,Acceptable In The 80's
89,Intro
90,Letter Read
91,Astrud Astronette
92,Isla Del Luna
93,The Second Summer Of Love
94,When You're Looking Like That
95,I Want a New Drug
96,Positive Vibration
97,Larger Than Life
98,Frozen Roads
99,We Don't Need Another Hero (Thunderdome)
100,Killa Soundboy
101,The Ballad Of Sleeping Beauty
102,Prognosis
103,SSRI
104,Chapter
105,Lake Of Dreams
106,Games
107,Suburban Train
108,The Saddest Song
109,Send in the Boys
110,Shameless
111,Exclusively
112,American Music
113,She's Always A Woman
114,Smile (Radio Edit)
115,Race You
116,Kids In America
117,Psychedelic Sally
118,All The Earth Will Sing Your Praises
119,What I'm Trying To Say
120,The Blue Cafe
121,What's Going On
122,Everchanging
123,Stronger Than Me
124,Don't Let Go
125,Bleak Prospects
126,Since I've Been Loving You
127,Sweedeedee
128,Beg Your Pardon
129,Wipeout
130,Willow Tree
131,The Best Summer Ever
132,You Took The Words Right Out Of My Mouth
133,Everyday
134,Pretty Polly
135,Panda Bear
136,Foggy Mountain Breakdown
137,Sweet Inspiration
138,Sahti-Waari
139,K
140,Pienso En Ti
141,Didn't We Almost Have It All
142,Forever Again
143,A Man I'll Never Be
144,Hey Ya!
145,Show Me
146,All The Tears I've Cried
147,Germ Free Adolescents
148,Amabhongo
149,Ammonite
150,The Only Way Is Up
151,Take Comfort
152,Horizon
153,Calypso
154,Village Attack / The Arrest
155,I Love You
156,Closing Scene
157,Canción para mi Muerte
158,Slave To The Wage
159,Democracy
160,Love Is Strange
161,Keep The Customer Satisfied
162,Sometimes
163,Winter Windows
164,Two Lovers
165,Moth's Wings
166,Eleanor Put Your Boots On
167,My Life Would Suck Without You
168,Reverie
169,Creeps Me Out
170,It's Not Me
171,Vision Of Love
172,Bedroom Acoustics
173,Buried Alive
174,Melody Hill
175,Radar Detector
176,Worms Make Dirt
177,Leader Of The Band
178,The Big Fight
179,Irony
180,Only A Pawn In Their Game
181,Into Eternity
182,The Diary of Jane (acoustic)
183,Subterranean Homesick Alien
184,13 Steps Lead Down
185,Ocean Pie
186,The Marriage
187,Trong Com
188,Still in Love
189,Slow Me Down
190,Couldn't You Tell
191,Judgement
192,Sensible Shoes Blues
193,I'm Not Done
194,And the Grass Grows By Itself
195,Setting Sun
196,Walk Away
197,You're The Ocean
198,Star Shaped
199,Sun Is Shining
200,19 Minutes
201,Mary Jane's Last Dance
202,Stormy Weather
203,Circlewave
204,She's a Rainbow
205,Someone Is Waiting
206,My Journey to the Stars
207,Slip Out The Back (Album Version)
208,Chocolate
209,The Safety Dance
210,Sorry
211,History
212,Prego Amore
213,Talk About Us
214,Soul Finger
215,Brother
216,Running Scared
217,Market Fresh
218,I Love You More Than You'll Ever Know
219,Only You Can Make You Happy
220,Smooth Operator
221,We Cry As One
222,Things Behind The Sun
223,Enjoy The Wait
224,This Land Is Mine
225,Crimson And Clover
226,Past Mistake
227,Shapeshifter
228,Don't Go Knockin' on My Door
229,She's Such A Beauty
230,Universe
231,Guardian Angel
232,Emily Kane
233,Something's Missing
234,To You I Bestow
235,Cordelia
236,Lovetrap
237,Freedom Never Cries
238,Thinking About You
239,Vai Saber?
240,Don't Stop The Music
241,Glory for Tomorrow
242,Tapindwa Nei
243,Around the World in a Tea Daze
244,Valo
245,Farewell Blues
246,Parasol
247,Dustbowl
248,One Moment Please...
249,Prayers
250,Truck Drivin' Man
251,Wenn Der Regen Fällt
252,Love In The First Degree
253,Y Si La Historia
254,Mining for Gold
255,Heart Of Stone
256,Never Give Up On The Good Times
257,The Sun Is Shining (Down on Me)
258,Shake And Fingerpop
259,Kindred Spirit
260,Once upon a time in the west
261,The Courier
262,Show A Little Faith
263,The Dynamo Of Volition [From An All Night Session]
264,Hobart Paving
265,Paper Aeroplane
266,Sunny Came Home
267,Everlasting Love
268,Grand Canyon (Ada Remix)
269,Sweetest Decline
270,Philosophy
271,Cetacea
272,Heart-Shaped Box
273,Building Steam With A Grain Of Salt
274,Heads Will Roll
275,Freeze
276,Unlove Me
277,Lady Jane
278,If I Know You
279,Never Be Ready
280,One Gun
281,I Go To Sleep (Live)
282,New York
283,Suicidal Dream
284,Walkin' My Baby Back Home
285,Lady Jane
286,Cripple and the Starfish
287,Don't Leave Me This Way
288,Lovefool
289,The Painter And The Magician
290,Scientas
291,Innocence
292,Redwing
293,Sun Giant
294,Let Her Dance
295,Shut Your Eyes
296,I Don't Belong Here
297,Brainwascht
298,Shimmy Shimmy Quarter Turn (Take It Back To Square One)
299,Big Girls Don't Cry (Personal)
300,Modern Crusaders
301,Years
302,The Loco-Motion
303,Your Girl
304,Show You How
305,House Of Smoke & Mirrors
306,The Price
307,Tel que tu es
308,Hors la vie
309,The Girl From Back Then
310,Boys
311,Falling Over Me
312,Good Girl Gone Bad
313,Try Again
314,Everytime
315,Next Girl
316,Ghettomusick
317,Honey
318,Breaking Up Again
319,Magic
320,De Luna A Sol
321,Find My Love
322,Be With
323,EdenEcho
324,Ituri
325,Happy Valentine's Day
326,Tuonelan koivut
327,Never Be Alone
328,Blue Rondo A La Turk
329,The Greatest
330,Man in the Mirror
331,Grey Matter
332,The Chant
333,Grad
334,Fearless
335,Chitlins Con Carne
336,Comin' Tonight
337,Remind My Soul
338,All That You Give
339,Stan
340,Vivo Per Lei
341,The Equalizer
342,Pop Is Dead
343,Vienna
344,Bad Day
345,Unreconciled
346,Rewind
347,My
348,Bad days
349,Midnight At The Oasis
350,Auto Where To
351,Voodoo Chile Blues
352,Oualalaradime
353,We Cry
354,Ingenting
355,Take Me to This Place
356,Miracle On 8th Street
357,You And Your Heart
358,I've Underestimated My Charm (Again)
359,Please don't go
360,My Never
361,Your Redneck Past
362,Apple Of My Eye
363,That's Just What You Are
364,Woman Trouble Blues
365,Vertigo
366,Summer Rain
367,Seven Samurai - Ending Theme
368,Time You'll Never Get Back
369,Straighten Up And Fly Right
370,Welcome To The Cruel World
371,Lafia Jeli
372,Self Love
373,Chasing Cars
374,King Kong
375,Where Is My Mind (XFM Live Version)
376,This Lullaby
377,Be Thankful for What You've Got
378,Jewel
379,Forgive
380,Back to '93
381,Sukiyaki
382,Day Ditty
383,Acceptable In The 80's
384,Sunrise
385,Ever Fallen In Love (With Someone You Shouldn't've?) (Non Album Track)
386,We Used To Talk
387,Hljómalind
388,Satellite
389,Studio Luv
390,La Distancia
391,Jackson
392,Die Hoffnung stirbt zuletzt
393,Partyline 555-on-line
394,Strange Fruit
395,Secret Smile
396,In The Morning
397,Harmony
398,Mexico
399,The Secret's In The Telling
400,Blossom (Got To Get It Out)
401,At Night
402,Take Me As I Am
403,I Am A Man Of Constant Sorrow
404,Ready To Die
405,Pollution
406,Slipping Jigsaws
407,Fade to Black
408,On Your Own
409,Fantastic Analysis
410,Lunatic Fringe
411,Like A Sad Song
412,Cosmic Girl
413,I Can't Stand The Rain
414,Get It While You Can
415,Assassination
416,Good Morning Heartache
417,More Than Words
418,Until the End
419,Flavia
420,Good Life
421,Flower
422,200 Bars
423,Razor
424,Gone With The Day
425,Everytime I Hear Your Name
426,Your Biggest Fan
427,MIA
428,Girlfriend in a Coma
429,Not Nineteen Forever
430,Calypso
431,Keep the Streets Empty for Me
432,I Try
433,Atlas Eyes
434,Mann Ki Lagan
435,Dance With My Father
436,Clouds Up
437,Reunion
438,Keep On Loving You
439,Let It Go
440,Lucky Man
441,Be With You
442,The Hill
443,Madazulu
444,Far Away
445,Traveller
446,Rhythm Of The Night
447,Tu Peux Compter Sur Moi
448,Modern Swinger
449,Velvet
450,You Get What You Give
451,Jambalaya
452,Christ Jesus
453,This Is The Dream Of Win & Regine
454,En El Muelle De San Blas
455,Portent
456,Humming
457,Choralvorspiel
458,Desde mi Cielo
459,66
460,Say Hello
461,I'm Only Dreaming
462,There's A Girl
463,Don't Go Away
464,Rain
465,If There's Any Justice
466,Baby Got Back
467,That's Amore
468,New Direction
469,Search For Jenny
470,Relicário
471,New Horizons
472,Jimmy
473,I've Been Thinking featuring Cat Power (Album Version)
474,The End Of Everything (LP Version)
475,West End Blues
476,Lotta Love
477,Song Of David (LP Version)
478,There's Always Someone Cooler Than You
479,Dragster (Album Version)
480,The Carpal Tunnel Of Love
481,Something I Must Tell You
482,P'lod in the House
483,When You Die
484,True Adventures
485,Streets Of London
486,Orphan Girl
487,You You You You You
488,I Like Your Eyes
489,Eso no tiene remedio
490,Long Goodbye
491,Waiting For Go
492,What Happened On The Bridge Today
493,Connected
494,Don't Call Me Andy
495,T.O.N.Y.
496,One I Love
497,Still I Will
498,This Masquerade (Edit)
499,White Horse
500,This Aching Deal
501,Wrecking Ball
502,Rikki
503,How Does It Feel
504,Happy Xmas (War Is Over)
505,I'll Walk Beside You
506,Pecan Pie
507,Nawne Ye
508,Luna Lunera  (Album Version)
509,Maps
510,Lover - Come Back to Me
511,Laid Back 'n Low Key (Cay)
512,Warm Weather
513,Thomas O'Malley
514,Giving It All To You
515,Fight
516,Another Saturday Night
517,Dedicated To the One I Love
518,Jynweythek
519,Why
520,American Soldier
521,For Those Who Love To Live
522,Save The Last Dance For Me
523,Way Back
524,Consumed by Darkness
525,Desert
526,Digits
527,I Cried For You
528,Another Year
529,Love Don't Come Easy
530,Let's Get It Started
531,Under The Palms
532,Donegal Reels
533,Be Bop A Lula
534,Too Far Down
535,Sous le ciel de Paris
536,We Still Kill The Old Way
537,Lucy in the Sky With Diamonds
538,Prologue
539,Last Regret
540,Ya Mama
541,Distant Voices
542,On The Boards
543,The Prayer
544,My Mind Is Gone
545,Fine And Mellow
546,Little Do They Know
547,Save the Whale
548,Move Over
549,I Put A Spell On You
550,Don't Hold Back (Original Mix)
551,Sleigh Ride
552,Up the 'pool
553,Happy Cycling
554,Old Friends
555,las almas
556,The Trapeze Swinger
557,I Want To Die
558,Done Hangin' On Maybe
559,Down On My Knees
560,Shitty Bum
561,Thor's Magic Bathtub
562,Avalanche
563,Reunion
564,Rockin' Chair
565,In The Still Of The Night
566,Peace
567,Goodnight Girl
568,Special Friends
569,Heard 'Em Say
570,Small Axe
571,All Fires
572,Tempted
573,Beautiful Flower
574,Lavinia
575,Black Or White
576,How Low
577,King Volcano
578,My Man Is A Mean Man
579,Heaven for the Weather
580,The Sun Shines From You
581,Take My Hand
582,World That He Wants
583,Between Thoughts
584,Someone To Watch Over Me
585,Chrissie Kiss The Corpse (LP Version)
586,Peggy Sue
587,Living Dead Beat
588,Morning Celebration
589,Just A Little Bit Of You
590,Sleepytime Samba
591,Just a Phase
592,Siberian Breaks
593,Back To Life
594,Harry Flowers
595,The Captain
596,Le Capitaine Et Le Matelot
597,Give My Love To Rose
598,When Your Mind's Made Up
599,So Contagious
600,Easy
601,Where Love Shines
602,Sting Me
603,Ritournelle
604,Manchild
605,Slave Song
606,Islands in the Stream
607,Mary Jane
608,Gone
609,Ina Meena Dika (It's Happening Now)
610,Man Overboard
611,The Mission
612,Big Brat
613,Beautiful
614,Tunnels
615,Life Is Real
616,Please don't go
617,Turn the TV Off
618,Eye For An Eye
619,Mine Again
620,Jam on it
621,Maldita Estupidez
622,Sanctuary
623,Love Takes Time
624,Freight Train
625,Nightly Cares
626,I Am a Sewer at Heart
627,Lively Up Yourself
628,Through Toledo
629,In Front Of Me
630,If It Be Your Will
631,Prelude in C Minor from The Well-Tempered Clavier
632,Take Off Your Cool
633,Heads Up
634,Three Hours
635,Don't Hang Up
636,Raise Up
637,I'll Be OK
638,Street Lights
639,Music Of The Sun
640,Empty Baseball Park
641,Encontros e despedidas
642,Army
643,Angel of Heaven's Gate
644,Here With Me
645,People Say
646,Better Half
647,All I Have To Do Is Dream feat. Laurent Voulzy
648,Wild World
649,Baby Don't You Change
650,Todo Lo Que Soy
651,Better Luck Next Time
652,La Sonadora
653,I Love Music
654,The Closest Thing To Crazy
655,Winter
656,Pupilas Lejanas
657,Estancia
658,If It's In You
659,My Heart Will Go On
660,The Loser
661,Cut Here
662,If I Get Lucky
663,Wing
664,A Night in Tunisia
665,Transcontinental
666,Dream A Little Dream
667,You Can Cry On My Shoulder
668,Drive
669,Boogie Woogie Bugle Boy
670,A Song for Europe
671,Magic
672,Can't Happen Here
673,Every Word
674,Outcast
675,Grazing In The Grass
676,Goodnight Saigon
677,Flying High / End Title
678,Coma
679,Northern Lights
680,Mean Old Coot
681,Let the Happiness In
682,Yeah Yeah Yeah
683,Bring Down Like I
684,Pray
685,Positivity
686,Some Summers They Drop Like Flys
687,Love Foolosophy
688,Seen It All Before
689,If You Let Me Love You
690,Daddy-O
691,Veronica Sawyer (Album)
692,Rip It Up
693,I Will Be Blessed
694,Chicago
695,Hokkaido
696,Macarena
697,Your Loving Arms
698,That's Not Really Funny
699,Don't Break My Heart
700,Bent (Remastered Version)
701,Song Sung Blue
702,Domingo
703,The Hero Dies in This One
704,Know-How
705,if I could say I love you
706,Le chanteur malheureux
707,Distant Lover
708,Pieces Of Me
709,A Guide To Marine Life
710,Almost Forgot Myself
711,Intuition
712,Durch den Monsun
713,These Walls
714,Another White Dash
715,R U Kiddin' Me
716,In My Dreams
717,Moses
718,I'm Nobody's Baby
719,Je Suis Une Dolly
720,Friday's Dust
721,Les larmes d'automne
722,What You Need
723,I Was Made for Lovin' You
724,Grow Up (Remastered Version)
725,Section 20 (Together We're Heavy)
726,One Fine Day
727,The Well And The Lighthouse
728,Dusty Wreath
729,Who Was I Kidding?
730,Acceptable Losses
731,Keep You Kimi (The Knife Remix)
732,Solar Powered
733,So Far Away
734,When The Night Feels My Song
735,Hello Old Friend
736,Plus d'hiver
737,If Looks Could Kill
738,Needle In A Haystack
739,UnOpened
740,You Can't Hurry Love  (LP Version)
741,Deathrider
742,Agua Tambem E Mar
743,40 Days
744,Warning
745,T.O.N.Y.
746,I'll Be Back On Sunday
747,Waitin' On A Sunny Day
748,When The Leaves Have Fallen
749,When I Look In Your Eyes
750,This Is Not The End (Album Version)
751,UnBiloTitled
752,Pazza Idea
753,Rip It Up
754,I Can't Decide
755,Another Hollow Line
756,When I Think Of You
757,Strict Machine
758,Until It Comes Again
759,Disease
760,Dirty Little Secret
761,Almeno Tu Nell'Universo
762,Salutandotiaffogo
763,Elektro Therapy
764,Uno Esta
765,Thank You For The Music
766,Sandstorm
767,Hunting
768,Depth Charge
769,The Love You Save
770,The Space Between
771,Devil Got My Woman
772,You Are the Light
773,Don't Make Me Wait For Love
774,Chicken Pox
775,Don't You Worry 'Bout A Thing
776,Chrome's On It
777,Jezebel
778,Real Girl
779,För sent för edelweiss
780,Advice For The Young At Heart
781,Hickory Wind
782,Anytime Anywhere
783,Delia's Gone
784,Greensleeves
785,The Garden (Part III)
786,Sorrow's Army
787,Selma To Soweto
788,Just Say Yes
789,Farfallina
790,Northern Girls
791,If Only For One Night
792,Enjoy The Silence
793,Målerås Finest
794,Dancing Shoes
795,Vegas
796,Stop Complaining
797,Is This What They Used to Call Love
798,All I Wanna Do
799,Opening Theme
800,Think Twice
801,Disguise
802,Maria's Last Words
803,Adrenaline
804,Rise
805,Do You Know? (The Ping Pong Song)
806,Collision
807,Rainbow Eyes
808,A Little Bit of Love
809,I Don't Want To Hear Any More
810,I'm Going In
811,Can't Do A Thing [To Stop Me] (Remastered Album Version)
812,Right Here (By Your Side)
813,Mai Dire Mai
814,White Flag
815,Miły Mój
816,Wonderwall
817,Blue Light
818,Dinosaur
819,Gone Gone Gone
820,Ring My Bell
821,Sehnsucht Ist Unheilbar
822,Can I?
823,Love It Is Love
824,The Concept
825,Come With Me
826,The Never-Ending Why
827,Silence
828,Fill My Little World
829,Breitengrad 20
830,Day Old Blues
831,Something New
832,I Don't Have Anything
833,Twentysomething
834,Holiday
835,Transporter
836,Revolution Action
837,My Old Piano
838,Did You Get My Message?  (Live From Shubas)
839,Imagination
840,A New Error
841,Sunrise Goodbyes
842,Circles
843,Into The Deep
844,Somos Quem Podemos Ser
845,Those Crimson Tears
846,Sound the Bells
847,Caught Up in You
848,Amy
849,Happy Nation
850,They All Laughed
851,London Fields
852,Woman Without Pride
853,Snow Day (LP Version)
854,Lothlórien
855,My Conversation
856,The Captain
857,A Man Holdin' On (To A Woman Lettin' Go)
858,Hit Me With Your Rhythm Stick
859,Manana
860,Break My Heart
861,Makin' Believe
862,Just Say Yes
863,Sun in an Empty Room
864,My Beloved Monster
865,Nothingness
866,Dancing Queen
867,Sad Exchange
868,Set The World On Fire
869,Venus
870,Care of Cell 44
871,Metal Guru
872,Strange Fruit
873,I'm For You
874,Plenty
875,Trip On Love
876,Up Here
877,Isabel
878,Let Me Down Again
879,Sad Sweet Dreamer
880,MFC
881,Moladh Uibhist
882,Sky
883,Ballad in Urgency
884,Meditacao
885,Time Sick Son of a Grizzly Bear
886,Irresistible
887,Heaven's In New York
888,Love And Money (Album Version)
889,Sex verandert alles
890,Ihmisen Lento
891,Love Foolosophy
892,Parallel Corners
893,Fire
894,Reflexo Do Amor
895,Spoonful of Slow
896,Mango Tree
897,All at Sea
898,J'ai Dormi Sous L'eau
899,Hello Again
900,Festival Of Love
901,The Good Stuff
902,White Laughter
903,The Conquering Lion
904,Conclusion
905,Take The Long Way Home
906,Trouble Every Day
907,Make Everything Change
908,Deep Blue Sea (Daniel Rossen Home Recording)
909,New Day
910,Bullet Proof ... I Wish I Was (Acoustic)
911,Ocean Pie
912,Always Attract
913,Tout De Suite
914,Think Twice
915,I Was Made To Love Her
916,Dead Cell
917,Don't Panic
918,Stress
919,Hunter
920,Járn
921,All My Senses
922,Like Dylan in the Movies
923,Run's House
924,Release The Pressure
925,Sleep Tonight
926,Despite What You've Been Told
927,Adia
928,Ladies Night
929,Sea Of Sin (Tonal Mix)
930,Think About Me
931,Yeat's Grave
932,Hey There Lonely Girl
933,Forever & Always
934,Valentine
935,Dream Machines
936,Again
937,My Guiding Light
938,Just One Of Those Things
939,Little Girl Blue
940,Dude (Looks Like A Lady)
941,Sunshine (I Can Fly)
942,Unforgettable
943,Coming Around
944,Bop Bop Baby
945,Mr. Jones
946,Everything I Once Had
947,Simplesmente
948,TiK ToK
949,70's Blues
950,scattered black and whites
951,Dance Into The Light
952,Hit The Ground Running
953,My Best Was Never Good Enough
954,Let's Go Dancing
955,I Say A Little Prayer
956,What Goes Around...Comes Around
957,Seventeen
958,Ocean Drive Boulevard
959,Ci Sono Molti Modi
960,Notas
961,Coma Girl
962,Mmm Papi
963,Poem to a Horse
964,Wow
965,Schrapnell
966,Death By Chocolate
967,Trains and Winter Rains
968,You Really Got a Hold on Me
969,Ballerium
970,The girl I love is gone
971,Two Hearts
972,Jonas Steur (Castamara)
973,Main Title
974,Lullaby
975,Grace
976,Close My Eyes Forever
977,Oh Baby I
978,Cry (Brown Bear Mix)
979,What's Going On
980,Childhood Dream
981,Someday
982,Beautiful Day
983,Sorrow's Call
984,Nothing To Worry About
985,Mamma Mia
986,Je Ne Serai Jamais
987,Accidental Babies
988,How To Be Invisible
989,Shifty Disco Girl
990,Time After Time
991,To Be With You
992,What's On My Mind
993,Long Black Veil
994,Through Bucky's Eyes
995,Littlest Things
996,No Regrets
997,Feels So Good
998,Savannah
999,Darling Do You?
1000,16/5/74
1001,I'd Like to Walk Around in Your Mind
1002,I Write The B-Sides
1003,Moving Mountains
1004,Save Me
1005,When You Were Young
1006,Lonely Boy
1007,It Don't Matter
1008,Drifting Away
1009,SW
1010,Synthesizer
1011,Room 13
1012,think about your troubles
1013,Pot Kettle Black
1014,Great Expectations
1015,Streets
1016,This Is How We Walk on the Moon
1017,It Was A Good Day
1018,Chemical World
1019,Tristeza Maleza
1020,Mr. Day (LP Version)
1021,Lost
1022,Lo hecho está hecho
1023,Tell Me The Reason
1024,Laundry & Dishes
1025,Shining Like Stars
1026,Beware
1027,God Put a Smile Upon Your Face
1028,Can You Feel It?
1029,Wonder Where
1030,Where Ya Heart At
1031,Televisor
1032,Wild World
1033,Dream
1034,Sexual Healing
1035,The Christmas Shoes
1036,Sweet Harmony
1037,Day Dreamer
1038,Rosalita (Come Out Tonight)
1039,Symphony No. 9 in E minor; 2nd movement; Largo
1040,On Walks The Night
1041,Folk Jam
1042,Turn This Thing Around
1043,Ghosts Of You
1044,Local Authority
1045,The Sleeping Beauty
1046,Lost
1047,A Minha Menina
1048,Sun Is Shining
1049,You Know How To Love Me
1050,Lively Up Yourself
1051,He Turns Down
1052,Saddest Quo
1053,Only You (And You Alone)
1054,Something's Got A Hold On Me
1055,How Insensitive
1056,Country Pie
1057,Monsoon
1058,Talco Uno
1059,Saving My Face
1060,Watch Out
1061,In Zaire
1062,Lowlife
1063,Waiting for Spring
1064,O-o-h Child
1065,Everyday I Love You Less and Less
1066,Haiti
1067,Noiserock i Japan
1068,Winter Kills
1069,Neglected
1070,Long Way 2 Go (Album Version)
1071,You Appearing
1072,The Lie
1073,Rise & Shine
1074,Take My Breath Away
1075,Expire
1076,Someday We'll Be Together
1077,Mondays
1078,Spirit In The Sky
1079,Send Me an Angel
1080,Ex-Girlfriend
1081,Angels Cry
1082,Clown
1083,Midnight Sun
1084,Mailbox Arson
1085,Take My Hand
1086,Jah Jah Children
1087,Mirador
1088,Winter Song
1089,The Joker
1090,Hounds of Love
1091,Affliction
1092,Décimas
1093,Might As Well Be On Mars
1094,Still
1095,I'll Be
1096,Happ-E-2-C-U-A-Ginn
1097,The Aftermath of Closure
1098,I Want More - Part 1
1099,Metal Militia
1100,Ice Age
1101,You're the One
1102,Georgia
1103,Nobody Can Win
1104,Suture Up Your Future
1105,Other Side Of Antarctica
1106,Get It While You Can
1107,Andrea
1108,I Don't Understand Anything
1109,Overdrive
1110,Sweet Wine
1111,The Clearing
1112,Shangrila
1113,As Daylight Fades
1114,Comfortable
1115,Marooned
1116,Human Disaster
1117,Because The Night
1118,I Remember Clifford
1119,A Mansion On The Hill
1120,Don't Matter
1121,Love Me Tender
1122,Tired Of England
1123,Song for a Friend (Live from Montalvo)
1124,Star Mile
1125,All Or Nothing
1126,Falling Man
1127,I Won't Spend Another Night Alone
1128,Summer Breeze (Album Version)
1129,Break It To Me Gently
1130,No One Knows You
1131,Ave Maria
1132,Little Sister
1133,I Will Always Love You
1134,Country Road
1135,Love Grows (Where My Rosemary Goes)
1136,Single Ladies (Put a Ring on It)
1137,I Could Be Dreaming
1138,Penny & Me
1139,Fresh Feeling
1140,Landscape at Speed
1141,Yine mi Çiçek
1142,Indo
1143,Pretty In Scarlet
1144,Tú
1145,Tonight
1146,Come To Me Tonight
1147,Golden Hair
1148,God Make Me Funky
1149,Davis (Take 3)
1150,Learning To Fall
1151,Seemann
1152,The Prisoner
1153,I Believe in Father Christmas
1154,A Whiter Shade Of Pale
1155,The Show
1156,The End
1157,Pure Minua
1158,All Of This
1159,She's Got Me Dancing
1160,Root Beer Rag
1161,Song For No One
1162,Rivers Of Babylon
1163,I'll Let Him Know I Love Him
1164,Você
1165,La Valse
1166,Bruttosozialprodukt
1167,Can't Take My Eyes Off You
1168,What The Milkman Saw
1169,Penelope
1170,Sigur 9A (untitled)
1171,No Hay Otra Manera
1172,J'Envoie Valser
1173,I Came Here To Live
1174,Stadiums and Shrines II
1175,Elegia
1176,N.S.U.
1177,On The Tower
1178,Livin' On The Edge
1179,Dockyard
1180,Open Letter To A Friend
1181,Brazen (Weep)
1182,Between Love & Hate
1183,Heavenly Star
1184,Swim
1185,I Want Love
1186,Black Cat
1187,The Mixed Tape
1188,Never-ending
1189,I Wanna Hold You
1190,Shrine of Angels
1191,Da Funk
1192,Amazing Grace (My Chains Are Gone)
1193,Old Soul Song
1194,Descontrol
1195,Ecstasy
1196,The Only Way Is Up
1197,(arrow up)
1198,Carolina
1199,Shoot You Down
1200,Here We Go
1201,Tryin' to Get to Heaven
1202,Spitting Games
1203,Hong Kong Blues
1204,Walk Like An Egyptian
1205,It's My Party
1206,Evening/Morning
1207,Grey Skies Turn Blue
1208,Hawelt Ansak
1209,I Just Don't Know What to Do With Myself
1210,Year Zero
1211,Alan Is a Cowboy Killer
1212,Forest Dreams
1213,(Sittin' On) The Dock Of The Bay
1214,Sag mir wo wohnen die Engel
1215,Clever girls like clever boys much more than clever boys like clever girls
1216,Birch
1217,Lullaby
1218,Remember
1219,Rebound
1220,Faces in the Dark
1221,Tha
1222,Tostaky (Le Continent)
1223,ATWA
1224,Antarctica Starts Here
1225,Bruised (album version)
1226,Plastik Christ
1227,Summer Summer
1228,Guilty Partner
1229,Big Jumps
1230,The Modern World
1231,Napoleon On The Bellerophon
1232,Happiness Happening
1233,Don't Cry
1234,Decomposing Trees
1235,Pieces of a Man
1236,Florecita Rockera
1237,Red
1238,Polly
1239,Little Brother
1240,Wishlist
1241,Manhasset
1242,I Got It From My Mama
1243,Sometime Around Midnight
1244,The Rose
1245,August Is Over
1246,15 Step
1247,Get Happy
1248,Mother
1249,Settle For A Slowdown
1250,Hitting On The Waiter
1251,Sun Goddess
1252,Underground
1253,Stone In Love
1254,Simple Together (album version)
1255,Botanical Dimensions
1256,Red Sky
1257,Monuments and Melodies
1258,The Canals Of Our City
1259,Furthest Sense
1260,I've Got Your Number
1261,Forever
1262,Baby Baby Baby
1263,My Head Feels Like A Frisbee
1264,I Came Here To Live
1265,Ralph Wiggum
1266,Hillbillies From Outerspace
1267,Simple Twist Of Fate
1268,Broken
1269,Lover In The Snow
1270,If I Ain't Got You
1271,It's Good For The Soul
1272,Wish I Didn't Miss You
1273,Crimson Wave
1274,Decomposing Trees
1275,Hear My Train A Comin'
1276,Relentless Fours
1277,Penelope (Radio Edit)
1278,You Make It Easy
1279,You're A Wolf
1280,Midnight Hymn
1281,Stranger in Paradise
1282,Peppermint Twist
1283,Emergency
1284,Williams' Blood
1285,Gente
1286,Rebirth
1287,Don't Take It Too Bad
1288,Ribbons And Leaves
1289,Got To Stop
1290,Breakeven
1291,Postcards
1292,Wait Til You See My Smile
1293,Stay Tuned
1294,The Long Road
1295,Out from Under
1296,Let It Be Love
1297,Wedding Song
1298,The Sun Is Shining (Down on Me)
1299,Umi Says
1300,La excepción
1301,Shelf Life
1302,Do Nothing
1303,Quicksand
1304,16mm Dream
1305,Suddenly
1306,Gone To The Movies
1307,Ring On The Sill
1308,Fly High Michelle
1309,Lado Este
1310,I Was Your Man
1311,When The Saints Go Marching In
1312,Nummela
1313,Sad Eye
1314,The Alchemist (The Alchemist's Vision By Ralf Hildenbeutel)
1315,I'll Be Home For Christmas
1316,Another Day
1317,The Pooka Sings
1318,Skyscraper
1319,In My Arms
1320,When We Die
1321,Sweet Disposition
1322,Cecilia
1323,Safe
1324,I'm Still Breathing
1325,Out Of Sight
1326,Hallo Testbild
1327,The One
1328,One More Chance
1329,Trigger Hippie
1330,I Believe
1331,Video
1332,We Ride
1333,Smile
1334,Mr. Brightside (Jacques Lu Cont's Thin White Duke Mix)
1335,Breathe Me In
1336,Rosalinda's Eyes
1337,Blown a Wish
1338,I Am Trying to Break Your Heart
1339,When I Close My Eyes
1340,Drifting Away
1341,Nightbirds
1342,My Little Empire
1343,How High The Moon
1344,Ulvsblakk
1345,Yuki
1346,Morning Has Broken
1347,A Crow Left Of The Murder
1348,Goody Two Shoes
1349,St. Patrick's Day
1350,Living In Misery
1351,Blainville
1352,Wind Beneath My Wings
1353,Broadway Jungle
1354,Love Hangover
1355,Soul Limbo
1356,All Mine
1357,Running To Stand Still
1358,Three Little Birds
1359,Ben
1360,Eple
1361,City of Screaming Statues
1362,A TI
1363,Landcrusing
1364,PENNSYLVANIA POLKA
1365,Hard Times
1366,Plastic Toy Record Player
1367,Liquid Bird
1368,One Of A Kind (Love Affair)
1369,The Poet and the Pendulum
1370,I'm Real
1371,Free
1372,You Better Look Out
1373,Say a Little Prayer
1374,Fire Escape
1375,Never Leave You
1376,Losing A Friend
1377,Right Turn
1378,Shine
1379,Lifelong Passion
1380,Stop The World (And Let Me Off)
1381,Spiralling
1382,One Step Up
1383,Like An Old Fashioned Waltz
1384,En Cendres
1385,Green And Blue
1386,Morning Mist
1387,Down On My Knees
1388,Grand Central
1389,Merrymaking At My Place
1390,Dream Brother
1391,Go Let It Out
1392,In My Bed
1393,Plastic Man
1394,Magnetic Air
1395,Rain Down On Me
1396,Compound
1397,Tout Le Monde
1398,I Want You Back
1399,Stay
1400,So Far Away
1401,Purify
1402,A Strange Arrangement
1403,Old Old Fashioned
1404,Samba Do Grande Amor
1405,Secrets
1406,Turntable
1407,Caught In The Middle
1408,You're All That Matters To Me
1409,Kensington Blues
1410,A Swimming Pool Down the Railway Track
1411,Mistake
1412,Mary Pickford (Used To Eat Roses)
1413,Wretched Songs
1414,La noche en la isla
1415,September Song
1416,Rosé
1417,Lovers' Bridge
1418,Need To Shout
1419,Write A Letter Home
1420,Someday (I Will Understand)
1421,Fall Line
1422,Life on Mars
1423,AWOO
1424,Secret Garden
1425,Roll With It
1426,Morning On Earth
1427,Seventeen Forever
1428,Learn
1429,Islands In The Stream
1430,Take You To Sweet Harmony
1431,Smoked Glass and Chrome
1432,Fortunate Fool
1433,Crawling
1434,Love Is All Around
1435,Big Shaky
1436,Still Waters
1437,If You Want Me
1438,Vidanya
1439,Brand New Jones
1440,Love Shoulda Brought You Home
1441,Activated
1442,Sophisticated Lady
1443,Rockin' All Over The World
1444,Dope Nose
1445,Lasciati
1446,3/5 of a Mile in 10 Seconds
1447,Reflections
1448,The Sun Doesn't Like You
1449,La La La
1450,Tripping Billies
1451,Wait and See
1452,November Has Come
1453,Happy In Love
1454,1er Gaou
1455,Valerie
1456,Philadelphia Freedom
1457,Dawn
1458,Elshaneed
1459,You're So Great
1460,Hunters Map
1461,Everything I Own
1462,14th Street
1463,Give It Up Or Let Me Go
1464,Ceiling Poem
1465,Wolf in the Breast
1466,Just A Song About Ping Pong
1467,Steppenwolf
1468,Long Long Journey
1469,The Aftermath
1470,Salvation Is Here
1471,The North Wind
1472,In Un'Altra Vita
1473,Little Town Flirt
1474,Collides with Beauty
1475,Death at One's Elbow
1476,Bathroom Girl
1477,Memories Live
1478,Spawn Again
1479,A Kiss To Remember (Live)
1480,Ordinary People
1481,Embraceable You
1482,Awakening
1483,This Ain't A Love Song
1484,Don't Have Me
1485,Remember (Walkin' In The Sand)
1486,I Wanna Be Where You Are
1487,The Winner Takes It All
1488,Suite in C Major (Scheidt)
1489,Greensleeves
1490,Sweetest Decline
1491,Breath of Life
1492,Tell Me What It's Worth
1493,Super Trouper
1494,Walk On By
1495,He's on the Beach
1496,Hominy Grits
1497,Doorway to the Heart
1498,Manhattan
1499,Saturday Nightmares
1500,Kilka usciskow kilka snow
1501,Like It Like That
1502,Rashida
1503,Watermelon Man
1504,Damn Shame
1505,Carrie
1506,Letter To God
1507,The Night Sky
1508,Medusa cha cha cha
1509,Tears Of The Dead
1510,Sad Mood
1511,And So It Goes
1512,Again We Rise
1513,Against The Wall
1514,Factory
1515,Sunshine On Leith
1516,My Life
1517,Lost Friends
1518,Heaven And Earth
1519,If You Could Read My Mind
1520,We Close Our Eyes
1521,I Don't Need Your Love
1522,Once I Had A Woman
1523,Walking On Sunshine
1524,Paradise
1525,Outro Lugar
1526,The Music Of The Night
1527,Leave!
1528,Neckbreaker
1529,Erasing Pluto
1530,From This Moment On
1531,Exile
1532,Estrella Roja
1533,She
1534,Golden Age Of My Negative Ways
1535,Despre Tine
1536,I Wish It Would Rain
1537,9:39
1538,Perfect Moment
1539,Executioner Blues
1540,Everybody Needs Somebody to Love
1541,Presente De Um Beija-Flor
1542,Loose Translation
1543,45 Questions
1544,A Sunday Kind Of Love
1545,There She Goes Again
1546,Stay Loose
1547,The Bones Of You
1548,Shotgun
1549,Goodbye
1550,Miss You Most (At Christmas Time)
1551,You're Beautiful (Demo)
1552,L'Amour Looks Something Like You
1553,Moonlight Boy
1554,Girlfriend
1555,Sun In My Mouth
1556,Big Bad John
1557,Lake
1558,Simon
1559,Carnival Town
1560,Hysteric
1561,Tones
1562,Gabriel
1563,Love Won't Let Me Wait
1564,Two
1565,These Words
1566,Happy Warriors
1567,Stop The World
1568,I Came All This Way
1569,48 Stunden
1570,She's So Strange
1571,Where I Belong
1572,Carry You Home
1573,I Miss You
1574,Who's Lovin' You
1575,We Are One
1576,The Blower's Daughter
1577,To Live Is To Die
1578,On A Good Day
1579,The Grosser
1580,Beauty
1581,Let Men Burn Stars
1582,Home
1583,Kirwani
1584,Drop The Pressure
1585,You Were On My Mind
1586,Uninvited
1587,You Can't Hurry Love
1588,List Of Things To Do
1589,Paint a Face
1590,Stitches
1591,Maid
1592,Avalanche
1593,Sky Ride
1594,Dancing in the Street
1595,Born To Be Wild
1596,Raw Sugar
1597,All Over Now (Album Version)
1598,Le Lundi C'est Maladie
1599,Yesterday Once More
1600,Still There
1601,Wave
1602,Swing Life Away
1603,I Still Feel
1604,Fairy Link
1605,God's Will
1606,Two Is Better Than One
1607,Sunny
1608,Fodder on Her Wings
1609,Leader Of The Band
1610,When I Was Drinking
1611,She Can't Change
1612,Don't Look Back
1613,Glory to the Brave
1614,Think Twice
1615,Pulling Mussels (From The Shell)
1616,Chores
1617,Start!
1618,Primitive (The Way I Treat You)
1619,Garden
1620,Shamanic Tea
1621,Feast Of Immortals
1622,I was There
1623,Every Once In a While
1624,Seven Sisters
1625,God Lives Through
1626,The Dropsonde
1627,Memories Of You
1628,Merry Go Round
1629,Found Out
1630,Danger of the Water
1631,Exits
1632,CAFO
1633,Letter From Home
1634,1986
1635,Mona Bone Jakon
1636,Break In
1637,Hey Now Now
1638,Things Could Turn Around
1639,Be Like That
1640,Drive
1641,Magic Place
1642,Solitary Man
1643,Lights Off
1644,Seaweed
1645,I Got It From My Mama
1646,Look So Easy
1647,8th Wonder
1648,When Paula Sparks
1649,Don't Let Go
1650,Fake Plastic Trees (Acoustic Version)
1651,Touch Me
1652,Now That I Found You
1653,Tú
1654,Spring Again
1655,That Song
1656,Random
1657,Without Your Love
1658,The End
1659,Castle-Time
1660,Black Mirror
1661,Be
1662,Lonely World
1663,Venice
1664,Don't Talk To Me About Love
1665,That's Me
1666,Rescue Me
1667,What You Waiting For?
1668,In My Arms
1669,Take It Like A Man
1670,Stella
1671,Stoney Street
1672,Better Off
1673,Locked Away
1674,Suspended
1675,God Is Love
1676,Shed Your Love
1677,Under Control
1678,Knockin' On Heaven's Door
1679,Liquid Words
1680,Rock With You
1681,Angela Undress
1682,Risque (Album Version)
